NUTS Geography,Year,ONS Functional Category,Flow Directions,Value
UKC,2011,primary-utilities,exports,5
UKC,2011,manufacturing,exports,464
UKC,2011,transport,exports,430
UKC,2011,travel,exports,273
UKC,2011,construction,exports,12
UKC,2011,wholesale-motor,exports,99
UKC,2011,retail,exports,21
UKC,2011,information-communication,exports,135
UKC,2011,real-estate,exports,292
UKC,2011,insurance-pension,exports,201
UKC,2011,financial,exports,792
UKC,2011,administrative-support,exports,58
UKC,2011,other,exports,14
UKC,2011,all,exports,2798
UKD,2011,primary-utilities,exports,38
UKD,2011,manufacturing,exports,1830
UKD,2011,transport,exports,1837
UKD,2011,travel,exports,1200
UKD,2011,construction,exports,33
UKD,2011,wholesale-motor,exports,788
UKD,2011,retail,exports,77
UKD,2011,information-communication,exports,667
UKD,2011,real-estate,exports,1525
UKD,2011,insurance-pension,exports,1501
UKD,2011,financial,exports,2993
UKD,2011,administrative-support,exports,216
UKD,2011,other,exports,167
UKD,2011,all,exports,12872
UKE,2011,primary-utilities,exports,13
UKE,2011,manufacturing,exports,439
UKE,2011,transport,exports,744
UKE,2011,travel,exports,596
UKE,2011,construction,exports,44
UKE,2011,wholesale-motor,exports,223
UKE,2011,retail,exports,43
UKE,2011,information-communication,exports,265
UKE,2011,real-estate,exports,587
UKE,2011,insurance-pension,exports,532
UKE,2011,financial,exports,2757
UKE,2011,administrative-support,exports,70
UKE,2011,other,exports,21
UKE,2011,all,exports,6334
UKF,2011,primary-utilities,exports,30
UKF,2011,manufacturing,exports,542
UKF,2011,transport,exports,408
UKF,2011,travel,exports,495
UKF,2011,construction,exports,11
UKF,2011,wholesale-motor,exports,97
UKF,2011,retail,exports,46
UKF,2011,information-communication,exports,411
UKF,2011,real-estate,exports,427
UKF,2011,insurance-pension,exports,210
UKF,2011,financial,exports,1358
UKF,2011,administrative-support,exports,147
UKF,2011,other,exports,85
UKF,2011,all,exports,4267
UKG,2011,primary-utilities,exports,15
UKG,2011,manufacturing,exports,424
UKG,2011,transport,exports,468
UKG,2011,travel,exports,717
UKG,2011,construction,exports,29
UKG,2011,wholesale-motor,exports,163
UKG,2011,retail,exports,74
UKG,2011,information-communication,exports,645
UKG,2011,real-estate,exports,546
UKG,2011,insurance-pension,exports,1184
UKG,2011,financial,exports,1959
UKG,2011,administrative-support,exports,100
UKG,2011,other,exports,22
UKG,2011,all,exports,6346
UKH,2011,primary-utilities,exports,24
UKH,2011,manufacturing,exports,1223
UKH,2011,transport,exports,1617
UKH,2011,travel,exports,964
UKH,2011,construction,exports,130
UKH,2011,wholesale-motor,exports,388
UKH,2011,retail,exports,85
UKH,2011,information-communication,exports,937
UKH,2011,real-estate,exports,2644
UKH,2011,insurance-pension,exports,1049
UKH,2011,financial,exports,1490
UKH,2011,administrative-support,exports,167
UKH,2011,other,exports,75
UKH,2011,all,exports,10794
UKI,2011,primary-utilities,exports,36
UKI,2011,manufacturing,exports,739
UKI,2011,transport,exports,8723
UKI,2011,travel,exports,11819
UKI,2011,construction,exports,464
UKI,2011,wholesale-motor,exports,7798
UKI,2011,retail,exports,401
UKI,2011,information-communication,exports,11118
UKI,2011,real-estate,exports,12950
UKI,2011,insurance-pension,exports,2489
UKI,2011,financial,exports,30739
UKI,2011,administrative-support,exports,1959
UKI,2011,other,exports,928
UKI,2011,all,exports,90162
UKJ,2011,primary-utilities,exports,39
UKJ,2011,manufacturing,exports,2092
UKJ,2011,transport,exports,3816
UKJ,2011,travel,exports,2396
UKJ,2011,construction,exports,69
UKJ,2011,wholesale-motor,exports,2993
UKJ,2011,retail,exports,158
UKJ,2011,information-communication,exports,5724
UKJ,2011,real-estate,exports,5960
UKJ,2011,insurance-pension,exports,3286
UKJ,2011,financial,exports,2678
UKJ,2011,administrative-support,exports,487
UKJ,2011,other,exports,237
UKJ,2011,all,exports,29935
UKK,2011,primary-utilities,exports,47
UKK,2011,manufacturing,exports,1062
UKK,2011,transport,exports,858
UKK,2011,travel,exports,1199
UKK,2011,construction,exports,46
UKK,2011,wholesale-motor,exports,481
UKK,2011,retail,exports,49
UKK,2011,information-communication,exports,597
UKK,2011,real-estate,exports,793
UKK,2011,insurance-pension,exports,1316
UKK,2011,financial,exports,2099
UKK,2011,administrative-support,exports,148
UKK,2011,other,exports,8
UKK,2011,all,exports,8703
UKL,2011,primary-utilities,exports,8
UKL,2011,manufacturing,exports,684
UKL,2011,transport,exports,572
UKL,2011,travel,exports,411
UKL,2011,construction,exports,30
UKL,2011,wholesale-motor,exports,62
UKL,2011,retail,exports,25
UKL,2011,information-communication,exports,193
UKL,2011,real-estate,exports,150
UKL,2011,insurance-pension,exports,838
UKL,2011,financial,exports,859
UKL,2011,administrative-support,exports,30
UKL,2011,other,exports,1
UKL,2011,all,exports,3862
UKM,2011,primary-utilities,exports,699
UKM,2011,manufacturing,exports,1294
UKM,2011,transport,exports,1511
UKM,2011,travel,exports,1877
UKM,2011,construction,exports,69
UKM,2011,wholesale-motor,exports,161
UKM,2011,retail,exports,51
UKM,2011,information-communication,exports,412
UKM,2011,real-estate,exports,1645
UKM,2011,insurance-pension,exports,1812
UKM,2011,financial,exports,2366
UKM,2011,administrative-support,exports,207
UKM,2011,other,exports,94
UKM,2011,all,exports,12197
UK,2011,primary-utilities,exports,953
UK,2011,manufacturing,exports,10793
UK,2011,transport,exports,20984
UK,2011,travel,exports,21947
UK,2011,construction,exports,937
UK,2011,wholesale-motor,exports,13254
UK,2011,retail,exports,1029
UK,2011,information-communication,exports,21105
UK,2011,real-estate,exports,27519
UK,2011,insurance-pension,exports,14417
UK,2011,financial,exports,50090
UK,2011,administrative-support,exports,3590
UK,2011,other,exports,1653
UK,2011,all,exports,188270
UKC,2012,primary-utilities,exports,5
UKC,2012,manufacturing,exports,500
UKC,2012,transport,exports,278
UKC,2012,travel,exports,371
UKC,2012,construction,exports,24
UKC,2012,wholesale-motor,exports,76
UKC,2012,retail,exports,20
UKC,2012,information-communication,exports,139
UKC,2012,real-estate,exports,477
UKC,2012,insurance-pension,exports,445
UKC,2012,financial,exports,1024
UKC,2012,administrative-support,exports,38
UKC,2012,other,exports,11
UKC,2012,all,exports,3408
UKD,2012,primary-utilities,exports,50
UKD,2012,manufacturing,exports,2406
UKD,2012,transport,exports,1968
UKD,2012,travel,exports,1146
UKD,2012,construction,exports,63
UKD,2012,wholesale-motor,exports,715
UKD,2012,retail,exports,72
UKD,2012,information-communication,exports,658
UKD,2012,real-estate,exports,1748
UKD,2012,insurance-pension,exports,1980
UKD,2012,financial,exports,3190
UKD,2012,administrative-support,exports,203
UKD,2012,other,exports,288
UKD,2012,all,exports,14486
UKE,2012,primary-utilities,exports,12
UKE,2012,manufacturing,exports,611
UKE,2012,transport,exports,1360
UKE,2012,travel,exports,542
UKE,2012,construction,exports,45
UKE,2012,wholesale-motor,exports,268
UKE,2012,retail,exports,48
UKE,2012,information-communication,exports,329
UKE,2012,real-estate,exports,661
UKE,2012,insurance-pension,exports,437
UKE,2012,financial,exports,2505
UKE,2012,administrative-support,exports,120
UKE,2012,other,exports,17
UKE,2012,all,exports,6957
UKF,2012,primary-utilities,exports,46
UKF,2012,manufacturing,exports,600
UKF,2012,transport,exports,477
UKF,2012,travel,exports,483
UKF,2012,construction,exports,32
UKF,2012,wholesale-motor,exports,128
UKF,2012,retail,exports,49
UKF,2012,information-communication,exports,599
UKF,2012,real-estate,exports,455
UKF,2012,insurance-pension,exports,471
UKF,2012,financial,exports,1271
UKF,2012,administrative-support,exports,139
UKF,2012,other,exports,75
UKF,2012,all,exports,4825
UKG,2012,primary-utilities,exports,14
UKG,2012,manufacturing,exports,528
UKG,2012,transport,exports,506
UKG,2012,travel,exports,747
UKG,2012,construction,exports,34
UKG,2012,wholesale-motor,exports,171
UKG,2012,retail,exports,62
UKG,2012,information-communication,exports,808
UKG,2012,real-estate,exports,613
UKG,2012,insurance-pension,exports,1573
UKG,2012,financial,exports,2073
UKG,2012,administrative-support,exports,75
UKG,2012,other,exports,93
UKG,2012,all,exports,7298
UKH,2012,primary-utilities,exports,37
UKH,2012,manufacturing,exports,1193
UKH,2012,transport,exports,1519
UKH,2012,travel,exports,999
UKH,2012,construction,exports,93
UKH,2012,wholesale-motor,exports,319
UKH,2012,retail,exports,87
UKH,2012,information-communication,exports,1200
UKH,2012,real-estate,exports,2932
UKH,2012,insurance-pension,exports,1630
UKH,2012,financial,exports,1960
UKH,2012,administrative-support,exports,352
UKH,2012,other,exports,138
UKH,2012,all,exports,12456
UKI,2012,primary-utilities,exports,66
UKI,2012,manufacturing,exports,784
UKI,2012,transport,exports,9143
UKI,2012,travel,exports,13018
UKI,2012,construction,exports,726
UKI,2012,wholesale-motor,exports,3802
UKI,2012,retail,exports,394
UKI,2012,information-communication,exports,11792
UKI,2012,real-estate,exports,15300
UKI,2012,insurance-pension,exports,3161
UKI,2012,financial,exports,27511
UKI,2012,administrative-support,exports,3205
UKI,2012,other,exports,931
UKI,2012,all,exports,89833
UKJ,2012,primary-utilities,exports,100
UKJ,2012,manufacturing,exports,1796
UKJ,2012,transport,exports,4068
UKJ,2012,travel,exports,2452
UKJ,2012,construction,exports,602
UKJ,2012,wholesale-motor,exports,2024
UKJ,2012,retail,exports,109
UKJ,2012,information-communication,exports,6467
UKJ,2012,real-estate,exports,5765
UKJ,2012,insurance-pension,exports,4329
UKJ,2012,financial,exports,2469
UKJ,2012,administrative-support,exports,769
UKJ,2012,other,exports,283
UKJ,2012,all,exports,31235
UKK,2012,manufacturing,exports,1183
UKK,2012,transport,exports,1304
UKK,2012,travel,exports,1254
UKK,2012,construction,exports,69
UKK,2012,wholesale-motor,exports,518
UKK,2012,retail,exports,53
UKK,2012,information-communication,exports,583
UKK,2012,real-estate,exports,802
UKK,2012,insurance-pension,exports,1744
UKK,2012,financial,exports,2233
UKK,2012,administrative-support,exports,102
UKK,2012,all,exports,9954
UKL,2012,manufacturing,exports,958
UKL,2012,transport,exports,469
UKL,2012,travel,exports,447
UKL,2012,construction,exports,16
UKL,2012,wholesale-motor,exports,67
UKL,2012,retail,exports,27
UKL,2012,information-communication,exports,202
UKL,2012,real-estate,exports,158
UKL,2012,insurance-pension,exports,1113
UKL,2012,financial,exports,958
UKL,2012,administrative-support,exports,30
UKL,2012,all,exports,4475
UKM,2012,primary-utilities,exports,731
UKM,2012,manufacturing,exports,1217
UKM,2012,transport,exports,1665
UKM,2012,travel,exports,1810
UKM,2012,construction,exports,59
UKM,2012,wholesale-motor,exports,163
UKM,2012,retail,exports,54
UKM,2012,information-communication,exports,576
UKM,2012,real-estate,exports,2310
UKM,2012,insurance-pension,exports,2421
UKM,2012,financial,exports,2778
UKM,2012,administrative-support,exports,317
UKM,2012,other,exports,152
UKM,2012,all,exports,14253
UK,2012,primary-utilities,exports,1061
UK,2012,manufacturing,exports,11776
UK,2012,transport,exports,22757
UK,2012,travel,exports,23270
UK,2012,construction,exports,1762
UK,2012,wholesale-motor,exports,8250
UK,2012,retail,exports,976
UK,2012,information-communication,exports,23354
UK,2012,real-estate,exports,31220
UK,2012,insurance-pension,exports,19303
UK,2012,financial,exports,47972
UK,2012,administrative-support,exports,5351
UK,2012,other,exports,1988
UK,2012,all,exports,199181
UKC,2013,primary-utilities,exports,8
UKC,2013,manufacturing,exports,837
UKC,2013,transport,exports,414
UKC,2013,travel,exports,266
UKC,2013,construction,exports,38
UKC,2013,wholesale-motor,exports,86
UKC,2013,retail,exports,21
UKC,2013,information-communication,exports,148
UKC,2013,real-estate,exports,411
UKC,2013,insurance-pension,exports,394
UKC,2013,financial,exports,918
UKC,2013,administrative-support,exports,160
UKC,2013,other,exports,6
UKC,2013,all,exports,3706
UKD,2013,primary-utilities,exports,71
UKD,2013,manufacturing,exports,3848
UKD,2013,transport,exports,2332
UKD,2013,travel,exports,1390
UKD,2013,construction,exports,69
UKD,2013,wholesale-motor,exports,1211
UKD,2013,retail,exports,70
UKD,2013,information-communication,exports,587
UKD,2013,real-estate,exports,1435
UKD,2013,insurance-pension,exports,1862
UKD,2013,financial,exports,3285
UKD,2013,administrative-support,exports,393
UKD,2013,other,exports,377
UKD,2013,all,exports,16931
UKE,2013,primary-utilities,exports,13
UKE,2013,manufacturing,exports,739
UKE,2013,transport,exports,925
UKE,2013,travel,exports,712
UKE,2013,construction,exports,36
UKE,2013,wholesale-motor,exports,121
UKE,2013,retail,exports,48
UKE,2013,information-communication,exports,375
UKE,2013,real-estate,exports,597
UKE,2013,insurance-pension,exports,490
UKE,2013,financial,exports,2612
UKE,2013,administrative-support,exports,198
UKE,2013,other,exports,25
UKE,2013,all,exports,6890
UKF,2013,primary-utilities,exports,35
UKF,2013,manufacturing,exports,955
UKF,2013,transport,exports,328
UKF,2013,travel,exports,611
UKF,2013,construction,exports,39
UKF,2013,wholesale-motor,exports,309
UKF,2013,retail,exports,48
UKF,2013,information-communication,exports,577
UKF,2013,real-estate,exports,424
UKF,2013,insurance-pension,exports,185
UKF,2013,financial,exports,1274
UKF,2013,administrative-support,exports,97
UKF,2013,other,exports,80
UKF,2013,all,exports,4963
UKG,2013,primary-utilities,exports,27
UKG,2013,manufacturing,exports,571
UKG,2013,transport,exports,484
UKG,2013,travel,exports,1075
UKG,2013,construction,exports,30
UKG,2013,wholesale-motor,exports,290
UKG,2013,retail,exports,69
UKG,2013,information-communication,exports,782
UKG,2013,real-estate,exports,698
UKG,2013,insurance-pension,exports,1698
UKG,2013,financial,exports,2136
UKG,2013,administrative-support,exports,184
UKG,2013,other,exports,45
UKG,2013,all,exports,8088
UKH,2013,primary-utilities,exports,22
UKH,2013,manufacturing,exports,1241
UKH,2013,transport,exports,1748
UKH,2013,travel,exports,1131
UKH,2013,construction,exports,97
UKH,2013,wholesale-motor,exports,431
UKH,2013,retail,exports,86
UKH,2013,information-communication,exports,1480
UKH,2013,real-estate,exports,2891
UKH,2013,insurance-pension,exports,1459
UKH,2013,financial,exports,2116
UKH,2013,administrative-support,exports,350
UKH,2013,other,exports,34
UKH,2013,all,exports,13086
UKI,2013,primary-utilities,exports,27
UKI,2013,manufacturing,exports,802
UKI,2013,transport,exports,9114
UKI,2013,travel,exports,14655
UKI,2013,construction,exports,819
UKI,2013,wholesale-motor,exports,3132
UKI,2013,retail,exports,476
UKI,2013,information-communication,exports,12643
UKI,2013,real-estate,exports,15026
UKI,2013,insurance-pension,exports,3076
UKI,2013,financial,exports,28329
UKI,2013,administrative-support,exports,3922
UKI,2013,other,exports,1161
UKI,2013,all,exports,93181
UKJ,2013,primary-utilities,exports,111
UKJ,2013,manufacturing,exports,2087
UKJ,2013,transport,exports,4229
UKJ,2013,travel,exports,2554
UKJ,2013,construction,exports,51
UKJ,2013,wholesale-motor,exports,1963
UKJ,2013,retail,exports,136
UKJ,2013,information-communication,exports,6260
UKJ,2013,real-estate,exports,6560
UKJ,2013,insurance-pension,exports,5340
UKJ,2013,financial,exports,2579
UKJ,2013,administrative-support,exports,1187
UKJ,2013,other,exports,350
UKJ,2013,all,exports,33407
UKK,2013,primary-utilities,exports,40
UKK,2013,manufacturing,exports,1735
UKK,2013,transport,exports,1093
UKK,2013,travel,exports,1387
UKK,2013,construction,exports,51
UKK,2013,wholesale-motor,exports,607
UKK,2013,retail,exports,53
UKK,2013,information-communication,exports,719
UKK,2013,real-estate,exports,767
UKK,2013,insurance-pension,exports,1555
UKK,2013,financial,exports,2129
UKK,2013,administrative-support,exports,197
UKK,2013,other,exports,29
UKK,2013,all,exports,10362
UKL,2013,primary-utilities,exports,19
UKL,2013,manufacturing,exports,909
UKL,2013,transport,exports,588
UKL,2013,travel,exports,448
UKL,2013,construction,exports,12
UKL,2013,wholesale-motor,exports,91
UKL,2013,retail,exports,28
UKL,2013,information-communication,exports,158
UKL,2013,real-estate,exports,260
UKL,2013,insurance-pension,exports,1194
UKL,2013,financial,exports,930
UKL,2013,administrative-support,exports,62
UKL,2013,other,exports,2
UKL,2013,all,exports,4700
UKM,2013,primary-utilities,exports,852
UKM,2013,manufacturing,exports,1559
UKM,2013,transport,exports,1817
UKM,2013,travel,exports,2131
UKM,2013,construction,exports,196
UKM,2013,wholesale-motor,exports,134
UKM,2013,retail,exports,58
UKM,2013,information-communication,exports,838
UKM,2013,real-estate,exports,2795
UKM,2013,insurance-pension,exports,2236
UKM,2013,financial,exports,3206
UKM,2013,administrative-support,exports,450
UKM,2013,other,exports,162
UKM,2013,all,exports,16433
UK,2013,primary-utilities,exports,1225
UK,2013,manufacturing,exports,15283
UK,2013,transport,exports,23072
UK,2013,travel,exports,26360
UK,2013,construction,exports,1437
UK,2013,wholesale-motor,exports,8375
UK,2013,retail,exports,1091
UK,2013,information-communication,exports,24567
UK,2013,real-estate,exports,31865
UK,2013,insurance-pension,exports,19489
UK,2013,financial,exports,49513
UK,2013,administrative-support,exports,7200
UK,2013,other,exports,2271
UK,2013,all,exports,211748
UKC,2014,primary-utilities,exports,7
UKC,2014,manufacturing,exports,721
UKC,2014,transport,exports,458
UKC,2014,travel,exports,284
UKC,2014,construction,exports,50
UKC,2014,wholesale-motor,exports,50
UKC,2014,retail,exports,19
UKC,2014,information-communication,exports,169
UKC,2014,real-estate,exports,408
UKC,2014,insurance-pension,exports,310
UKC,2014,financial,exports,807
UKC,2014,administrative-support,exports,67
UKC,2014,other,exports,31
UKC,2014,all,exports,3381
UKD,2014,primary-utilities,exports,26
UKD,2014,manufacturing,exports,3530
UKD,2014,transport,exports,2292
UKD,2014,travel,exports,1461
UKD,2014,construction,exports,107
UKD,2014,wholesale-motor,exports,1419
UKD,2014,retail,exports,70
UKD,2014,information-communication,exports,793
UKD,2014,real-estate,exports,1690
UKD,2014,insurance-pension,exports,2093
UKD,2014,financial,exports,3147
UKD,2014,administrative-support,exports,327
UKD,2014,other,exports,493
UKD,2014,all,exports,17447
UKE,2014,primary-utilities,exports,34
UKE,2014,manufacturing,exports,772
UKE,2014,transport,exports,724
UKE,2014,travel,exports,724
UKE,2014,construction,exports,93
UKE,2014,wholesale-motor,exports,128
UKE,2014,retail,exports,44
UKE,2014,information-communication,exports,469
UKE,2014,real-estate,exports,578
UKE,2014,insurance-pension,exports,520
UKE,2014,financial,exports,2360
UKE,2014,administrative-support,exports,124
UKE,2014,other,exports,47
UKE,2014,all,exports,6616
UKF,2014,primary-utilities,exports,54
UKF,2014,manufacturing,exports,877
UKF,2014,transport,exports,781
UKF,2014,travel,exports,587
UKF,2014,construction,exports,58
UKF,2014,wholesale-motor,exports,230
UKF,2014,retail,exports,39
UKF,2014,information-communication,exports,683
UKF,2014,real-estate,exports,430
UKF,2014,insurance-pension,exports,245
UKF,2014,financial,exports,1288
UKF,2014,administrative-support,exports,135
UKF,2014,other,exports,51
UKF,2014,all,exports,5458
UKG,2014,primary-utilities,exports,17
UKG,2014,manufacturing,exports,627
UKG,2014,transport,exports,718
UKG,2014,travel,exports,1001
UKG,2014,construction,exports,74
UKG,2014,wholesale-motor,exports,222
UKG,2014,retail,exports,72
UKG,2014,information-communication,exports,1089
UKG,2014,real-estate,exports,788
UKG,2014,insurance-pension,exports,1306
UKG,2014,financial,exports,2184
UKG,2014,administrative-support,exports,140
UKG,2014,other,exports,23
UKG,2014,all,exports,8262
UKH,2014,primary-utilities,exports,19
UKH,2014,manufacturing,exports,1603
UKH,2014,transport,exports,1832
UKH,2014,travel,exports,1270
UKH,2014,construction,exports,178
UKH,2014,wholesale-motor,exports,255
UKH,2014,retail,exports,77
UKH,2014,information-communication,exports,1598
UKH,2014,real-estate,exports,2393
UKH,2014,insurance-pension,exports,1357
UKH,2014,financial,exports,1793
UKH,2014,administrative-support,exports,472
UKH,2014,other,exports,44
UKH,2014,all,exports,12891
UKI,2014,primary-utilities,exports,16
UKI,2014,manufacturing,exports,398
UKI,2014,transport,exports,10312
UKI,2014,travel,exports,15542
UKI,2014,construction,exports,1066
UKI,2014,wholesale-motor,exports,1681
UKI,2014,retail,exports,480
UKI,2014,information-communication,exports,14595
UKI,2014,real-estate,exports,14834
UKI,2014,insurance-pension,exports,3526
UKI,2014,financial,exports,25171
UKI,2014,administrative-support,exports,2991
UKI,2014,other,exports,1355
UKI,2014,all,exports,91968
UKJ,2014,primary-utilities,exports,122
UKJ,2014,manufacturing,exports,2061
UKJ,2014,transport,exports,3847
UKJ,2014,travel,exports,2841
UKJ,2014,construction,exports,106
UKJ,2014,wholesale-motor,exports,2150
UKJ,2014,retail,exports,351
UKJ,2014,information-communication,exports,7590
UKJ,2014,real-estate,exports,7419
UKJ,2014,insurance-pension,exports,4508
UKJ,2014,financial,exports,2897
UKJ,2014,administrative-support,exports,980
UKJ,2014,other,exports,402
UKJ,2014,all,exports,35275
UKK,2014,primary-utilities,exports,30
UKK,2014,manufacturing,exports,1517
UKK,2014,transport,exports,955
UKK,2014,travel,exports,1362
UKK,2014,construction,exports,87
UKK,2014,wholesale-motor,exports,373
UKK,2014,retail,exports,94
UKK,2014,information-communication,exports,857
UKK,2014,real-estate,exports,1041
UKK,2014,insurance-pension,exports,1871
UKK,2014,financial,exports,1956
UKK,2014,administrative-support,exports,217
UKK,2014,other,exports,68
UKK,2014,all,exports,10429
UKL,2014,primary-utilities,exports,19
UKL,2014,manufacturing,exports,1151
UKL,2014,transport,exports,377
UKL,2014,travel,exports,483
UKL,2014,construction,exports,28
UKL,2014,wholesale-motor,exports,47
UKL,2014,retail,exports,30
UKL,2014,information-communication,exports,318
UKL,2014,real-estate,exports,205
UKL,2014,insurance-pension,exports,1162
UKL,2014,financial,exports,829
UKL,2014,administrative-support,exports,35
UKL,2014,other,exports,6
UKL,2014,all,exports,4689
UKM,2014,primary-utilities,exports,967
UKM,2014,manufacturing,exports,1451
UKM,2014,transport,exports,2009
UKM,2014,travel,exports,2426
UKM,2014,construction,exports,124
UKM,2014,wholesale-motor,exports,286
UKM,2014,retail,exports,65
UKM,2014,information-communication,exports,827
UKM,2014,real-estate,exports,2994
UKM,2014,insurance-pension,exports,1992
UKM,2014,financial,exports,3235
UKM,2014,administrative-support,exports,439
UKM,2014,other,exports,134
UKM,2014,all,exports,16950
UK,2014,primary-utilities,exports,1311
UK,2014,manufacturing,exports,14708
UK,2014,transport,exports,24305
UK,2014,travel,exports,27981
UK,2014,construction,exports,1970
UK,2014,wholesale-motor,exports,6840
UK,2014,retail,exports,1341
UK,2014,information-communication,exports,28988
UK,2014,real-estate,exports,32780
UK,2014,insurance-pension,exports,18890
UK,2014,financial,exports,45666
UK,2014,administrative-support,exports,5927
UK,2014,other,exports,2655
UK,2014,all,exports,213364
UKC,2015,primary-utilities,exports,2
UKC,2015,manufacturing,exports,760
UKC,2015,transport,exports,572
UKC,2015,travel,exports,411
UKC,2015,construction,exports,20
UKC,2015,wholesale-motor,exports,67
UKC,2015,retail,exports,17
UKC,2015,information-communication,exports,163
UKC,2015,real-estate,exports,389
UKC,2015,insurance-pension,exports,309
UKC,2015,financial,exports,881
UKC,2015,administrative-support,exports,93
UKC,2015,other,exports,15
UKC,2015,all,exports,3699
UKD,2015,primary-utilities,exports,33
UKD,2015,manufacturing,exports,3888
UKD,2015,transport,exports,2311
UKD,2015,travel,exports,1829
UKD,2015,construction,exports,43
UKD,2015,wholesale-motor,exports,1236
UKD,2015,retail,exports,70
UKD,2015,information-communication,exports,809
UKD,2015,real-estate,exports,1997
UKD,2015,insurance-pension,exports,1619
UKD,2015,financial,exports,3674
UKD,2015,administrative-support,exports,456
UKD,2015,other,exports,505
UKD,2015,all,exports,18470
UKE,2015,primary-utilities,exports,26
UKE,2015,manufacturing,exports,781
UKE,2015,transport,exports,1103
UKE,2015,travel,exports,761
UKE,2015,construction,exports,34
UKE,2015,wholesale-motor,exports,133
UKE,2015,retail,exports,41
UKE,2015,information-communication,exports,401
UKE,2015,real-estate,exports,584
UKE,2015,insurance-pension,exports,549
UKE,2015,financial,exports,2609
UKE,2015,administrative-support,exports,106
UKE,2015,other,exports,67
UKE,2015,all,exports,7195
UKF,2015,primary-utilities,exports,52
UKF,2015,manufacturing,exports,1314
UKF,2015,transport,exports,548
UKF,2015,travel,exports,673
UKF,2015,construction,exports,20
UKF,2015,wholesale-motor,exports,153
UKF,2015,retail,exports,35
UKF,2015,information-communication,exports,547
UKF,2015,real-estate,exports,442
UKF,2015,insurance-pension,exports,227
UKF,2015,financial,exports,1499
UKF,2015,administrative-support,exports,113
UKF,2015,other,exports,52
UKF,2015,all,exports,5675
UKG,2015,primary-utilities,exports,20
UKG,2015,manufacturing,exports,936
UKG,2015,transport,exports,702
UKG,2015,travel,exports,1233
UKG,2015,construction,exports,45
UKG,2015,wholesale-motor,exports,178
UKG,2015,retail,exports,44
UKG,2015,information-communication,exports,759
UKG,2015,real-estate,exports,694
UKG,2015,insurance-pension,exports,1116
UKG,2015,financial,exports,2246
UKG,2015,administrative-support,exports,122
UKG,2015,other,exports,43
UKG,2015,all,exports,8138
UKH,2015,primary-utilities,exports,31
UKH,2015,manufacturing,exports,1131
UKH,2015,transport,exports,1691
UKH,2015,travel,exports,1451
UKH,2015,construction,exports,135
UKH,2015,wholesale-motor,exports,230
UKH,2015,retail,exports,63
UKH,2015,information-communication,exports,1615
UKH,2015,real-estate,exports,2390
UKH,2015,insurance-pension,exports,1240
UKH,2015,financial,exports,1980
UKH,2015,administrative-support,exports,347
UKH,2015,other,exports,79
UKH,2015,all,exports,12383
UKI,2015,primary-utilities,exports,28
UKI,2015,manufacturing,exports,620
UKI,2015,transport,exports,11175
UKI,2015,travel,exports,18006
UKI,2015,construction,exports,867
UKI,2015,wholesale-motor,exports,3183
UKI,2015,retail,exports,491
UKI,2015,information-communication,exports,15638
UKI,2015,real-estate,exports,16597
UKI,2015,insurance-pension,exports,3089
UKI,2015,financial,exports,28818
UKI,2015,administrative-support,exports,3763
UKI,2015,other,exports,1354
UKI,2015,all,exports,103628
UKJ,2015,primary-utilities,exports,110
UKJ,2015,manufacturing,exports,2043
UKJ,2015,transport,exports,4082
UKJ,2015,travel,exports,3386
UKJ,2015,construction,exports,57
UKJ,2015,wholesale-motor,exports,1919
UKJ,2015,retail,exports,301
UKJ,2015,information-communication,exports,7509
UKJ,2015,real-estate,exports,7668
UKJ,2015,insurance-pension,exports,4200
UKJ,2015,financial,exports,3188
UKJ,2015,administrative-support,exports,1066
UKJ,2015,other,exports,277
UKJ,2015,all,exports,35806
UKK,2015,primary-utilities,exports,17
UKK,2015,manufacturing,exports,1556
UKK,2015,transport,exports,1110
UKK,2015,travel,exports,1596
UKK,2015,construction,exports,73
UKK,2015,wholesale-motor,exports,309
UKK,2015,retail,exports,88
UKK,2015,information-communication,exports,744
UKK,2015,real-estate,exports,915
UKK,2015,insurance-pension,exports,1371
UKK,2015,financial,exports,2325
UKK,2015,administrative-support,exports,171
UKK,2015,other,exports,32
UKK,2015,all,exports,10305
UKL,2015,primary-utilities,exports,18
UKL,2015,manufacturing,exports,1037
UKL,2015,transport,exports,560
UKL,2015,travel,exports,619
UKL,2015,construction,exports,10
UKL,2015,wholesale-motor,exports,29
UKL,2015,retail,exports,22
UKL,2015,information-communication,exports,268
UKL,2015,real-estate,exports,209
UKL,2015,insurance-pension,exports,1219
UKL,2015,financial,exports,979
UKL,2015,administrative-support,exports,54
UKL,2015,other,exports,6
UKL,2015,all,exports,5031
UKM,2015,primary-utilities,exports,922
UKM,2015,manufacturing,exports,1290
UKM,2015,transport,exports,1912
UKM,2015,travel,exports,2561
UKM,2015,construction,exports,102
UKM,2015,wholesale-motor,exports,168
UKM,2015,retail,exports,44
UKM,2015,information-communication,exports,717
UKM,2015,real-estate,exports,3400
UKM,2015,insurance-pension,exports,1729
UKM,2015,financial,exports,3459
UKM,2015,administrative-support,exports,257
UKM,2015,other,exports,143
UKM,2015,all,exports,16703
UK,2015,primary-utilities,exports,1259
UK,2015,manufacturing,exports,15354
UK,2015,transport,exports,25768
UK,2015,travel,exports,32527
UK,2015,construction,exports,1404
UK,2015,wholesale-motor,exports,7606
UK,2015,retail,exports,1215
UK,2015,information-communication,exports,29171
UK,2015,real-estate,exports,35286
UK,2015,insurance-pension,exports,16668
UK,2015,financial,exports,51658
UK,2015,administrative-support,exports,6547
UK,2015,other,exports,2572
UK,2015,all,exports,227034
UKC,2016,primary-utilities,exports,7
UKC,2016,manufacturing,exports,828
UKC,2016,transport,exports,502
UKC,2016,travel,exports,659
UKC,2016,construction,exports,17
UKC,2016,wholesale-motor,exports,47
UKC,2016,retail,exports,20
UKC,2016,information-communication,exports,299
UKC,2016,real-estate,exports,469
UKC,2016,insurance-pension,exports,291
UKC,2016,financial,exports,994
UKC,2016,administrative-support,exports,63
UKC,2016,other,exports,35
UKC,2016,all,exports,4229
UKD,2016,primary-utilities,exports,117
UKD,2016,manufacturing,exports,4483
UKD,2016,transport,exports,2639
UKD,2016,travel,exports,1839
UKD,2016,construction,exports,59
UKD,2016,wholesale-motor,exports,237
UKD,2016,retail,exports,101
UKD,2016,information-communication,exports,985
UKD,2016,real-estate,exports,1912
UKD,2016,insurance-pension,exports,1710
UKD,2016,financial,exports,3303
UKD,2016,administrative-support,exports,336
UKD,2016,other,exports,588
UKD,2016,all,exports,18309
UKE,2016,primary-utilities,exports,38
UKE,2016,manufacturing,exports,861
UKE,2016,transport,exports,930
UKE,2016,travel,exports,800
UKE,2016,construction,exports,32
UKE,2016,wholesale-motor,exports,154
UKE,2016,retail,exports,39
UKE,2016,information-communication,exports,608
UKE,2016,real-estate,exports,757
UKE,2016,insurance-pension,exports,587
UKE,2016,financial,exports,2546
UKE,2016,administrative-support,exports,146
UKE,2016,other,exports,282
UKE,2016,all,exports,7781
UKF,2016,primary-utilities,exports,56
UKF,2016,manufacturing,exports,1046
UKF,2016,transport,exports,467
UKF,2016,travel,exports,792
UKF,2016,construction,exports,41
UKF,2016,wholesale-motor,exports,329
UKF,2016,retail,exports,40
UKF,2016,information-communication,exports,687
UKF,2016,real-estate,exports,627
UKF,2016,insurance-pension,exports,159
UKF,2016,financial,exports,1364
UKF,2016,administrative-support,exports,283
UKF,2016,other,exports,63
UKF,2016,all,exports,5954
UKG,2016,primary-utilities,exports,34
UKG,2016,manufacturing,exports,605
UKG,2016,transport,exports,904
UKG,2016,travel,exports,1365
UKG,2016,construction,exports,35
UKG,2016,wholesale-motor,exports,269
UKG,2016,retail,exports,50
UKG,2016,information-communication,exports,958
UKG,2016,real-estate,exports,888
UKG,2016,insurance-pension,exports,1474
UKG,2016,financial,exports,2433
UKG,2016,administrative-support,exports,102
UKG,2016,other,exports,51
UKG,2016,all,exports,9169
UKH,2016,primary-utilities,exports,34
UKH,2016,manufacturing,exports,1055
UKH,2016,transport,exports,2514
UKH,2016,travel,exports,1364
UKH,2016,construction,exports,134
UKH,2016,wholesale-motor,exports,296
UKH,2016,retail,exports,51
UKH,2016,information-communication,exports,1596
UKH,2016,real-estate,exports,2834
UKH,2016,insurance-pension,exports,1367
UKH,2016,financial,exports,1576
UKH,2016,administrative-support,exports,730
UKH,2016,other,exports,156
UKH,2016,all,exports,13708
UKI,2016,primary-utilities,exports,51
UKI,2016,manufacturing,exports,700
UKI,2016,transport,exports,10512
UKI,2016,travel,exports,18960
UKI,2016,construction,exports,472
UKI,2016,wholesale-motor,exports,4637
UKI,2016,retail,exports,534
UKI,2016,information-communication,exports,19704
UKI,2016,real-estate,exports,19792
UKI,2016,insurance-pension,exports,4024
UKI,2016,financial,exports,32713
UKI,2016,administrative-support,exports,3554
UKI,2016,other,exports,1655
UKI,2016,all,exports,117306
UKJ,2016,primary-utilities,exports,85
UKJ,2016,manufacturing,exports,2817
UKJ,2016,transport,exports,5085
UKJ,2016,travel,exports,3534
UKJ,2016,construction,exports,82
UKJ,2016,wholesale-motor,exports,2109
UKJ,2016,retail,exports,143
UKJ,2016,information-communication,exports,7459
UKJ,2016,real-estate,exports,8216
UKJ,2016,insurance-pension,exports,4294
UKJ,2016,financial,exports,3416
UKJ,2016,administrative-support,exports,1499
UKJ,2016,other,exports,528
UKJ,2016,all,exports,39266
UKK,2016,primary-utilities,exports,24
UKK,2016,manufacturing,exports,1616
UKK,2016,transport,exports,1083
UKK,2016,travel,exports,2136
UKK,2016,construction,exports,75
UKK,2016,wholesale-motor,exports,356
UKK,2016,retail,exports,43
UKK,2016,information-communication,exports,1208
UKK,2016,real-estate,exports,1032
UKK,2016,insurance-pension,exports,1384
UKK,2016,financial,exports,2209
UKK,2016,administrative-support,exports,127
UKK,2016,other,exports,54
UKK,2016,all,exports,11346
UKL,2016,primary-utilities,exports,28
UKL,2016,manufacturing,exports,1171
UKL,2016,transport,exports,577
UKL,2016,travel,exports,709
UKL,2016,construction,exports,13
UKL,2016,wholesale-motor,exports,27
UKL,2016,retail,exports,19
UKL,2016,information-communication,exports,271
UKL,2016,real-estate,exports,257
UKL,2016,insurance-pension,exports,1445
UKL,2016,financial,exports,1012
UKL,2016,administrative-support,exports,62
UKL,2016,other,exports,11
UKL,2016,all,exports,5604
UKM,2016,primary-utilities,exports,811
UKM,2016,manufacturing,exports,1643
UKM,2016,transport,exports,2204
UKM,2016,travel,exports,2955
UKM,2016,construction,exports,114
UKM,2016,wholesale-motor,exports,336
UKM,2016,retail,exports,45
UKM,2016,information-communication,exports,900
UKM,2016,real-estate,exports,3062
UKM,2016,insurance-pension,exports,1957
UKM,2016,financial,exports,3985
UKM,2016,administrative-support,exports,290
UKM,2016,other,exports,193
UKM,2016,all,exports,18494
UK,2016,primary-utilities,exports,1285
UK,2016,manufacturing,exports,16824
UK,2016,transport,exports,27417
UK,2016,travel,exports,35113
UK,2016,construction,exports,1074
UK,2016,wholesale-motor,exports,8798
UK,2016,retail,exports,1084
UK,2016,information-communication,exports,34676
UK,2016,real-estate,exports,39845
UK,2016,insurance-pension,exports,18692
UK,2016,financial,exports,55551
UK,2016,administrative-support,exports,7192
UK,2016,other,exports,3614
UK,2016,all,exports,251167
UKN,2011,primary-utilities,exports,35
UKN,2011,manufacturing,exports,117
UKN,2011,transport,exports,276
UKN,2011,travel,exports,277
UKN,2011,construction,exports,156
UKN,2011,wholesale-motor,exports,45
UKN,2011,retail,exports,13
UKN,2011,information-communication,exports,222
UKN,2011,real-estate,exports,146
UKN,2011,administrative-support,exports,97
UKN,2011,other,exports,20
UKN,2011,all,exports,1653
UKN,2012,primary-utilities,exports,27
UKN,2012,manufacturing,exports,200
UKN,2012,transport,exports,277
UKN,2012,travel,exports,268
UKN,2012,construction,exports,223
UKN,2012,wholesale-motor,exports,96
UKN,2012,retail,exports,5
UKN,2012,information-communication,exports,227
UKN,2012,real-estate,exports,160
UKN,2012,administrative-support,exports,109
UKN,2012,other,exports,27
UKN,2012,all,exports,1868
UKN,2013,manufacturing,exports,164
UKN,2013,transport,exports,309
UKN,2013,travel,exports,265
UKN,2013,construction,exports,205
UKN,2013,wholesale-motor,exports,52
UKN,2013,retail,exports,4
UKN,2013,information-communication,exports,446
UKN,2013,administrative-support,exports,116
UKN,2013,other,exports,33
UKN,2013,all,exports,2557
UKN,2014,manufacturing,exports,178
UKN,2014,transport,exports,294
UKN,2014,travel,exports,302
UKN,2014,construction,exports,241
UKN,2014,wholesale-motor,exports,40
UKN,2014,retail,exports,8
UKN,2014,information-communication,exports,433
UKN,2014,administrative-support,exports,118
UKN,2014,other,exports,37
UKN,2014,all,exports,2528
UKN,2015,manufacturing,exports,167
UKN,2015,transport,exports,285
UKN,2015,travel,exports,300
UKN,2015,construction,exports,166
UKN,2015,wholesale-motor,exports,58
UKN,2015,retail,exports,10
UKN,2015,information-communication,exports,466
UKN,2015,administrative-support,exports,142
UKN,2015,other,exports,53
UKN,2015,all,exports,2387
